1,aaa,1111,M,197-851-6097,dburgum0@europa.eu
2,bbb,2222,M,851-941-3360,scud1@miitbeian.gov.cn
3,ccc,3333,M,875-182-5635,bmassel2@unicef.org
4,Clim,3230,M,407-279-0207,chawney3@mozilla.org
5,Antoine,9200,M,345-249-3989,aboeter4@google.com.au
6,Milissent,8984,F,970-950-6667,mpochin5@t-online.de
7,Judie,2862,F,927-369-1019,jmarkwelley6@google.fr
8,Rice,4411,M,449-635-3621,rbarby7@gmpg.org
9,Clarice,9621,F,790-802-9320,cwrighton8@merriam-webster.com
10,Waldemar,2233,M,500-738-3418,wfoldes9@prnewswire.com
11,Myrvyn,2964,M,781-100-2975,mborlesa@flickr.com
12,Garrik,7564,M,511-690-0319,gvigersb@cyberchimps.com
13,Pierson,1490,M,260-879-9784,pkeerlc@icq.com
14,Rubia,2942,F,771-647-4497,rcaseleyd@soup.io
15,Hedwiga,6339,F,246-993-2548,hklimove@cisco.com
16,Allyce,3046,F,505-513-9950,ahemphillf@wix.com
17,Normie,9268,M,729-691-6169,nburnerg@domainmarket.com
18,Dougie,1735,M,889-373-8409,dmallamh@tmall.com
19,Bobbette,7905,F,256-136-0633,bdundridgei@fema.gov
20,Kattie,1486,F,686-925-7476,kwiddowfieldj@marriott.com
21,Nikolai,8147,M,101-785-2993,nsteinerk@un.org
22,Winonah,6628,F,378-361-0070,wgippsl@sakura.ne.jp
23,Larissa,2037,F,962-178-7711,liverym@1688.com
24,Darrick,8011,M,247-851-3170,dskewisn@drupal.org
25,Roxine,5466,F,988-734-8300,rbartkeo@guardian.co.uk
26,Hadley,6127,M,800-231-2608,hchadbandp@ebay.co.uk
27,Brenna,9317,F,974-187-0393,bcombeq@nytimes.com
28,Ulrica,9123,F,779-431-8371,uchazelasr@icq.com
29,Moreen,2218,F,714-289-6674,mtigners@bandcamp.com
30,Marlie,8018,F,586-768-3341,mlangabeert@google.com
31,Pier,9873,F,594-785-2957,plawleyu@ucoz.ru
32,Zabrina,7586,F,390-584-8044,zclacev@over-blog.com
33,Heriberto,4101,M,736-362-8578,hgoldfinchw@domainmarket.com
34,Mollee,1842,F,578-886-7025,mwranglex@time.com
35,Brande,2638,F,537-100-3234,bbilovskyy@ft.com
36,Bibby,9835,F,780-471-7798,bmarkez@ow.ly
37,Wain,3243,M,772-881-6816,wbes10@huffingtonpost.com
38,Hewett,3416,M,909-943-9718,hvaughan11@smh.com.au
39,Ephrayim,6442,M,347-450-2507,ebayfield12@woothemes.com
40,Hillary,9613,M,344-897-0818,hclemens13@illinois.edu
41,Kiele,9761,F,164-502-1904,kbrickdale14@npr.org
42,Abbye,9418,F,407-844-6427,aconibeer15@addtoany.com
43,Doro,5270,F,769-209-5317,dborlease16@icq.com
44,Dacie,6400,F,340-234-2039,dluttger17@geocities.com
45,Claudius,8328,M,211-775-2019,cpirolini18@wiley.com
46,Tiphani,7567,F,704-809-9265,tallcroft19@cam.ac.uk
47,Demetra,7380,F,845-689-8013,despinet1a@netlog.com
48,Elfrieda,2203,F,198-886-2146,ethomerson1b@reuters.com
49,Artemus,7223,M,602-305-1518,alanfranchi1c@altervista.org
50,Calhoun,7850,M,418-955-2323,ckleuer1d@google.cn
51,Goober,2132,M,187-620-4925,gdavidovits1e@tumblr.com
52,Anthony,3472,M,286-634-2776,akeers1f@twitter.com
53,Hugues,7175,M,321-865-7965,hlovelock1g@theglobeandmail.com
54,Clyde,5089,M,543-704-6239,ccasarini1h@businessweek.com
55,Marmaduke,3288,M,109-532-1337,mabell1i@cloudflare.com
56,Baxie,4403,M,479-646-0074,bstonall1j@prnewswire.com
57,Abrahan,8276,M,939-437-1112,aperegrine1k@skyrock.com
58,Lauraine,3872,F,478-179-1199,ldaltry1l@pcworld.com
59,Ophelie,9683,F,516-696-6563,otyer1m@biglobe.ne.jp
60,Bil,1945,M,820-917-6766,bstobart1n@networkadvertising.org
61,Lilias,3504,F,309-149-3493,lshurmore1o@hubpages.com
62,Saba,5499,F,709-933-5010,ssjollema1p@mapquest.com
63,Malinde,4674,F,349-172-2469,mspellissy1q@wunderground.com
64,Garek,7948,M,840-312-4483,gbertson1r@ezinearticles.com
65,Delmor,8532,M,448-977-4946,dchecchi1s@chron.com
66,Joelynn,6650,F,112-581-2010,jbuff1t@pcworld.com
67,Marshal,1490,M,181-568-3773,mbrandle1u@dailymail.co.uk
68,Corny,9279,F,186-690-8584,chuddlestone1v@a8.net
69,Jenifer,1575,F,138-154-1867,jjeanes1w@hexun.com
70,Jacquenetta,4118,F,495-549-5689,jallin1x@yandex.ru
71,Giana,7313,F,978-965-0799,gmacclure1y@qq.com
72,Franky,8468,M,909-886-2809,fcowland1z@freewebs.com
73,Law,1332,M,821-563-7094,lstuck20@hao123.com
74,Kent,5010,M,887-548-3266,kocannon21@bigcartel.com
75,Ber,3110,M,487-800-1681,bwoodyear22@java.com
76,Reine,2001,F,633-593-2369,rsherry23@irs.gov
77,Bron,4391,M,698-966-9597,beeles24@imgur.com
78,Alverta,8319,F,229-445-7832,ajilliss25@hatena.ne.jp
79,Juliet,2122,F,544-123-3370,jbrockelsby26@example.com
80,Ernesta,3677,F,932-968-6665,elunge27@soup.io
81,Fernanda,3702,F,496-470-3157,flongthorn28@technorati.com
82,Tonia,1429,F,667-488-9452,tgrint29@google.nl
83,Marika,8301,F,273-239-6690,mprobin2a@jugem.jp
84,Farrah,5366,F,900-137-1344,fcollard2b@intel.com
85,Em,9125,F,826-376-5743,ebleything2c@nhs.uk
86,Maxwell,5271,M,139-250-1933,mlavigne2d@flickr.com
87,Cyndia,3077,F,853-189-6023,crihosek2e@networkadvertising.org
88,Lacee,8712,F,993-915-9224,lhelsdon2f@newyorker.com
89,Debi,3328,F,299-169-3349,dmcnabb2g@bluehost.com
90,Annadiane,2048,F,807-619-7034,ajammet2h@java.com
91,Archie,4988,M,808-874-4373,ahudd2i@icio.us
92,Waldemar,8546,M,850-803-0346,wcosgry2j@bizjournals.com
93,Tami,9573,F,819-463-6358,terett2k@unicef.org
94,Clarita,2592,F,193-784-0226,ctwigger2l@wunderground.com
95,Dominique,3825,M,215-684-5559,dcurrin2m@globo.com
96,Winnifred,7120,F,933-700-6907,wscarlett2n@dyndns.org
97,Tammi,8062,F,548-323-7385,tkilpatrick2o@homestead.com
98,Francklin,3312,M,649-990-3268,fdalyiel2p@opensource.org
99,Honoria,7024,F,480-806-9455,hterne2q@miitbeian.gov.cn
100,Emlynn,7839,F,284-530-2480,eglanz2r@youtube.com
